Agent:,Mean score:,Std. deviation:,Std. deviation err:,MaxMinN-Mean:,MaxMinN-SD:,MaxMinN-SE:,Winrate:,Winrate-SE:,Median:,Quart 1:,Quart 3:,Max:,Min:,Mean tick:,Std tick:,Std tick err:,Actions entropy:,Actions entropy err:,Mean num interactions:,Mean num av. interactions:,Mean num sprites:,Mean num sprites added:,Mean num sprites killed:,Mean num wall sprites:,
Explorer,82.5,1.9002924,0.6009252,0.9707616,0.020751793,0.006562293,1.0,0.0,82.5,81.0,83.0,86.0,80.0,511.9,29.550333,9.344636,0.6819764,0.14727002,165.4,3.3,90.1,9.01,143.9,88.0,
DeepSearch,84.6,2.5905478,0.81920314,0.9951335,0.011875935,0.0037555003,1.0,0.0,85.0,84.0,86.0,87.0,78.0,413.1,22.73733,7.190175,0.6777581,0.14778432,153.8,3.6,90.1,9.01,136.8,88.0,
MCTS,69.6,3.2386956,1.0241655,0.81901634,0.03878414,0.012264621,1.0,0.0,70.5,66.5,71.5,74.0,64.0,609.7,105.47775,33.354992,0.6823874,0.14721917,161.9,11.1,97.6,9.76,132.7,88.0,
Onestep-S,59.8,4.9396534,1.5620556,0.7040707,0.06445682,0.020383036,0.3,0.14491376,61.0,56.0,62.0,68.0,50.0,832.9,108.2787,34.24073,0.68201584,0.14726515,196.5,12.7,92.7,9.2699995,153.6,88.0,
Random,35.8,20.788887,6.5740232,0.42014462,0.24426657,0.07724387,0.1,0.094868325,32.0,16.5,48.0,72.0,12.0,441.3,314.41235,99.42592,0.6825671,0.14719689,110.0,9.2,116.9,11.690001,87.0,88.0,
Do Nothing,0.0,0.0,0.0,0.0,0.0,0.0,0.0,0.0,0.0,0.0,0.0,0.0,0.0,581.9,178.70981,56.513004,0.0,0.0,124.7,1.0,123.5,12.35,62.5,88.0,