Agent:,Mean:,Std. deviation:,Std. deviation err:,MaxMinN-Mean:,MaxMinN-SD:,MaxMinN-SE:,Winrate:,Winrate-SE:,Median:,Quart 1:,Quart 3:,Max:,Min:,Mean tick:,Std tick:,Std tick err:,Actions entropy:,Actions entropy err:,
Explorer,42.94,121.55421,5.73012,0.7966165,0.35051802,0.016523577,0.44666666,0.023435753,13.0,3.5,31.0,1057.0,-10.0,514.66223,262.96344,12.396215,0.88595366,0.014984419,
MCTS,23.144444,86.393,4.072605,0.4935195,0.33698973,0.015885849,0.2488889,0.020382084,6.0,1.0,16.0,1030.0,-13.0,629.57556,239.79546,11.304067,0.9006345,0.014102166,
GA,11.984445,51.08168,2.4080136,0.40097657,0.35480866,0.01672584,0.15333334,0.016985105,2.0,0.0,12.0,1014.0,-87.0,590.3356,274.32462,12.931787,0.70517254,0.021494403,
Onestep-S,14.484445,27.284624,1.2862095,0.41490215,0.32321626,0.01523656,0.08444444,0.013107553,4.0,0.0,13.5,160.0,-6.0,477.72446,320.0933,15.089342,0.88484746,0.015047512,
Onestep-H,3.731111,9.812776,0.46257868,0.23504081,0.313238,0.014766181,0.11111111,0.0148148155,1.0,0.0,3.0,42.0,-5.0,569.26886,316.367,14.913684,0.19427569,0.018650746,
Random,7.52,17.005589,0.8016511,0.2492851,0.27214965,0.012829258,0.055555556,0.010798059,1.0,-1.0,8.0,74.0,-54.0,395.87555,317.4765,14.965986,0.9016,0.014041007,
Do Nothing,0.3888889,4.020256,0.1895167,0.13173586,0.2763302,0.013026331,0.055555556,0.010798059,0.0,0.0,0.0,16.0,-5.0,601.7222,298.46854,14.0699415,0,0,
