Agent:,Mean:,Std. deviation:,Std. deviation err:,MaxMinN-Mean:,MaxMinN-SD:,MaxMinN-SE:,Winrate:,Winrate-SE:,Median:,Quart 1:,Quart 3:,Max:,Min:,Mean tick:,Std tick:,Std tick err:,Actions entropy:,Actions entropy err:,
Explorer,-18207.912,227282.72,5638.1904,0.6193426,0.4060647,0.010073226,0.25661537,0.010834813,1.0,0.0,110.0,1465700.0,-1961430.0,592.42645,339.54453,8.423063,0.71931505,0.011146601,
MCTS,-4035.8542,258890.78,6422.29,0.43951246,0.39881292,0.009893332,0.2769231,0.011100567,1.0,0.0,8.0,1869392.0,-1592204.0,590.2068,342.65967,8.50034,0.83916575,0.009113527,
GA,-3501.6455,262508.97,6512.0464,0.43991268,0.406595,0.010086381,0.248,0.010712926,1.0,0.0,10.0,1410696.0,-2209186.0,607.54895,331.92758,8.23411,0.57670814,0.012256636,
Onestep-S,-16680.672,231600.95,5745.313,0.3916375,0.40219563,0.009977246,0.21907692,0.01026067,1.0,0.0,4.0,2587456.0,-1714826.0,632.944,312.00714,7.739945,0.8197091,0.009536523,
Onestep-H,-25728.967,195365.78,4846.4287,0.36399472,0.40972835,0.01016411,0.20246154,0.009968284,0.0,0.0,2.0,11954.0,-1585724.0,644.5877,307.51193,7.6284328,0.4021929,0.0121638505,
Random,-23348.236,199405.58,4946.644,0.31946433,0.3794045,0.009411868,0.21046154,0.010112216,0.0,0.0,2.0,1410696.0,-1861794.0,637.224,309.8658,7.6868253,0.85531735,0.008726602,
Do Nothing,-3051.338,259562.33,6438.949,0.37473917,0.4286916,0.01063453,0.18461539,0.00962473,0.0,0.0,1.0,1410696.0,-1542676.0,643.6,310.35202,7.6988864,0,0,