Agent:,Mean score:,Std. deviation:,Std. deviation err:,MaxMinN-Mean:,MaxMinN-SD:,MaxMinN-SE:,Winrate:,Winrate-SE:,Median:,Quart 1:,Quart 3:,Max:,Min:,Mean tick:,Std tick:,Std tick err:,Actions entropy:,Actions entropy err:,
Explorer,8533.3545,47291.973,1576.399,0.700506,0.385986,0.0128662,0.43555555,0.01652765,20.0,1.0,122.0,702000.0,0.0,1084.3422,798.1782,26.60594,0.6852874,0.015480043,
DeepSearch,4224.939,22683.047,756.10156,0.683338,0.40971878,0.013657292,0.42777777,0.01649188,20.0,1.0,107.5,204700.0,0.0,1206.0355,785.11426,26.170475,0.737016,0.014675126,
MCTS,2002.2578,11320.135,377.33783,0.4742436,0.39530864,0.013176954,0.28777778,0.0150909,8.0,1.0,51.0,119566.0,0.0,1381.9878,740.2504,24.675014,0.7796605,0.013815852,
Onestep,2256.6978,16073.343,535.7781,0.3242827,0.3606085,0.012020283,0.19,0.013076697,2.0,0.0,38.0,157710.0,0.0,1036.3356,829.0515,27.63505,0.7166551,0.015020748,
Random,873.7811,8312.827,277.09424,0.20767325,0.30996057,0.010332019,0.15111111,0.011938571,1.0,0.0,20.0,131048.0,0.0,745.29553,798.9405,26.63135,0.7877599,0.013629797,
Do Nothing,985.8489,8273.04,275.768,0.07878524,0.22994111,0.0076647038,0.14222223,0.011642597,0.0,0.0,1.0,87763.0,0.0,1208.1812,831.9609,27.732029,0.0,0.0,
